,Group,X,X.1,X.2,X.3,X.4,X.5,X.6,X.7,X.8,X.9,X.10,X.11,X.12,X.13,X.14,X.15,X.16,X.17,X.18,X.19,X.20,X.21,X.22,X.23,X.24,X.25,X.26,X.27,X.28,X.29,X.30,X.31,X.32,X.33,X.34,X.35,X.36,X.37,X.38,X.39,X.40,X.41,X.42,X.43,X.44,X.45,X.46,X.47,X.48,X.49,X.50,X.51,X.52,X.53,X.54,X.55,X.56,X.57,X.58,X.59,X.60,X.61,X.62,X.63,X.64,X.65,X.66,X.67,X.68,X.69,X.70,X.71,X.72,X.73,X.74,X.75,X.76,X.77,X.78,X.79,X.80,X.81,X.82,X.83,X.84,X.85,X.86,X.87,X.88,X.89,X.90,X.91,X.92,X.93,X.94,X.95,X.96,X.97,X.98,X.99,X.100,X.101,X.102,X.103,X.104,X.105,X.106,X.107,X.108,X.109,X.110,X.111,X.112,X.113,X.114,X.115,X.116,X.117,X.118,X.119,X.120,X.121,X.122,X.123,X.124,X.125,X.126,X.127,X.128,X.129,X.130,X.131,X.132,X.133,X.134,X.135,X.136,X.137,X.138,X.139,X.140,X.141,X.142,X.143,X.144,X.145,X.146,X.147,X.148,X.149,X.150,X.151,X.152,X.153,X.154,X.155,X.156,X.157,X.158,X.159,X.160,X.161,X.162,X.163,X.164,X.165,X.166,X.167,X.168,X.169,X.170,X.171,X.172,X.173,X.174,X.175,X.176,X.177,X.178,X.179,X.180,X.181,X.182,X.183,X.184,X.185,X.186,X.187,X.188,X.189,X.190,X.191,X.192,X.193,X.194,X.195,X.196,X.197,X.198,X.199,X.200,X.201,X.202,X.203,X.204,X.205,X.206,X.207,X.208,X.209
AL_01+AL_02,native,1,1,1,1,1,0,0,1,0,1,1,?,1,1,1,1,1,?,0,1,1,1,1,0,1,1,1,?,1,1,1,1,1,0,?,1,1,0,1,1,0,0,1,1,0,1,1,0,1,0,1,0,0,0,1,0,0,1,?,0,0,1,0,0,0,1,1,1,1,0,0,1,0,1,?,0,?,0,0,1,0,1,1,0,0,0,0,0,0,?,0,1,0,0,0,0,0,1,1,1,1,1,1,1,1,0,0,1,0,1,0,0,1,?,1,1,1,1,1,1,1,1,1,1,0,1,0,1,1,1,0,0,1,1,?,0,1,0,0,1,0,1,?,0,1,0,1,0,1,0,0,0,0,1,1,1,1,0,1,1,0,0,1,1,1,?,0,1,1,1,1,1,1,0,1,1,1,1,1,1,1,1,1,0,0,1,0,1,1,0,?,1,1,0,0,0,1,0,0,1,1,1,1,1,0,?,1,1,0,1
AL_03+AL_04,native,1,1,1,1,1,0,0,1,0,1,1,?,1,1,1,1,1,1,0,1,1,1,1,0,1,1,1,0,1,1,1,1,1,0,0,1,1,0,1,1,0,0,1,1,0,1,1,0,1,0,1,0,0,0,1,0,0,1,1,0,0,1,0,0,0,1,1,1,1,0,0,1,0,1,0,0,?,0,0,1,0,1,1,0,0,0,0,0,0,0,0,1,0,0,?,0,0,1,1,1,1,1,1,1,1,0,0,1,0,1,0,0,1,0,1,1,1,1,1,1,1,1,1,1,0,1,0,1,1,1,0,0,1,1,1,0,0,0,0,1,0,1,?,0,1,0,1,0,1,0,0,0,0,1,1,1,1,0,1,1,0,0,1,1,1,1,0,1,1,1,1,1,1,0,1,1,1,1,1,1,1,1,1,0,0,1,0,1,1,0,1,1,1,0,0,0,1,0,0,1,1,1,1,1,0,0,1,1,0,1
AL_05+AL_06,native,1,1,1,1,1,0,0,1,0,1,1,?,1,1,1,1,1,0,0,1,1,1,1,0,1,1,1,0,1,1,1,1,1,0,0,1,1,0,1,1,?,0,1,1,0,1,1,0,1,0,1,0,0,?,1,0,0,1,?,0,0,1,0,0,0,1,1,1,1,0,0,1,0,1,?,0,0,0,0,1,0,1,1,0,0,0,0,0,0,0,0,1,0,0,?,0,0,1,1,1,1,1,1,1,1,0,0,1,0,1,0,0,1,?,1,1,1,1,1,1,1,1,1,1,0,1,0,1,1,1,0,0,1,1,1,0,?,0,0,1,0,1,?,0,1,0,1,0,1,0,0,0,0,1,1,1,1,0,1,1,0,0,1,1,1,?,?,1,1,1,1,1,1,0,1,1,1,1,1,1,1,1,1,0,0,1,0,1,1,0,1,1,1,0,0,0,1,0,0,1,1,1,1,1,0,?,1,1,0,1
AL_07+AL_08,native,1,1,1,1,1,0,0,1,0,1,1,?,1,1,1,1,1,0,0,1,1,1,1,0,1,1,1,1,1,1,1,1,1,0,0,1,1,0,1,1,0,0,1,1,0,1,1,0,1,0,1,0,0,0,1,0,0,1,?,0,0,1,0,0,0,1,1,1,1,0,0,1,?,1,0,0,?,0,0,1,?,1,1,0,0,0,0,0,0,0,0,1,0,0,?,0,0,1,1,1,1,1,1,1,1,0,0,1,0,1,0,0,1,0,1,1,1,1,1,1,1,1,1,1,0,1,0,1,1,1,0,0,1,1,1,0,0,0,0,1,0,1,?,0,1,0,1,0,1,0,0,0,0,1,1,1,1,0,1,1,0,0,1,1,1,0,0,1,1,1,1,1,1,0,1,1,1,1,1,1,1,1,1,0,0,1,0,1,1,0,1,1,1,0,0,0,1,0,0,1,1,1,1,1,0,0,1,1,0,1
AL_09+AL_10,native,1,1,1,1,1,0,0,1,0,1,1,1,1,1,1,1,1,1,0,1,1,1,1,0,1,1,1,1,1,1,1,1,1,0,0,1,1,0,1,1,0,0,1,1,0,1,1,0,1,0,1,0,0,0,1,0,0,1,1,0,0,1,0,0,0,1,1,1,1,0,0,1,0,1,?,0,0,0,0,1,0,1,1,0,0,0,0,0,0,0,0,1,0,0,0,0,0,1,1,1,1,1,1,1,1,0,0,1,0,1,0,0,1,0,1,1,1,1,1,1,1,1,1,1,0,1,?,1,1,1,0,0,1,1,?,0,?,0,0,1,0,1,1,0,1,0,1,0,1,0,0,0,0,1,1,1,1,0,1,1,0,0,1,1,1,1,0,1,1,1,1,1,1,0,1,1,1,1,1,1,1,1,1,0,0,1,0,1,1,0,?,1,1,0,0,0,1,0,0,1,1,1,1,1,0,0,1,1,0,1
AL_11+AL_12,native,1,1,1,1,1,0,0,1,0,1,1,?,1,1,1,1,1,0,0,1,1,1,1,0,1,1,1,0,1,1,1,1,1,0,0,1,1,0,1,1,0,0,1,1,0,1,1,0,1,0,1,0,0,0,1,0,0,1,1,0,0,1,0,0,0,1,1,1,1,0,0,1,0,1,0,0,?,0,0,1,?,1,1,0,0,0,0,0,0,0,0,1,0,0,?,0,0,1,1,1,1,1,1,1,1,0,0,1,0,1,0,0,1,0,1,1,1,1,1,1,1,1,1,1,0,1,0,1,1,1,0,0,1,1,0,0,1,0,0,1,0,1,?,0,1,0,1,0,1,0,0,0,0,1,1,1,1,0,1,1,0,0,1,1,1,?,0,1,1,1,1,1,1,0,1,1,1,1,1,1,1,1,1,0,0,1,0,1,1,0,1,1,1,0,0,0,1,0,0,1,1,1,1,1,0,0,1,1,0,1
CB_01+CB_03,invasive,1,1,1,1,1,0,0,1,0,1,1,0,1,1,1,1,1,0,0,1,1,1,1,0,1,1,1,0,1,1,1,1,1,0,0,1,1,0,1,1,0,1,1,1,0,1,1,0,1,0,1,0,0,0,1,0,0,1,1,0,0,1,0,0,0,0,1,1,0,0,0,1,0,1,1,0,0,0,0,1,0,1,1,0,0,0,0,0,1,0,0,0,0,?,0,0,0,1,1,1,0,1,1,1,1,?,0,1,0,1,0,0,1,0,1,1,1,1,1,1,1,1,1,1,0,1,?,1,0,1,0,0,1,1,1,1,0,0,0,1,0,1,0,0,1,0,1,0,1,0,0,0,0,1,1,1,1,0,1,?,0,0,1,1,0,1,0,1,1,1,1,1,1,0,?,1,?,1,1,1,1,1,1,?,0,1,0,1,1,?,0,1,1,0,0,?,1,0,0,1,1,1,1,1,?,1,1,1,0,1
CB_04+CB_05,invasive,1,1,1,1,1,0,0,1,0,1,1,0,1,1,1,1,1,0,1,1,1,1,1,0,1,?,1,0,1,1,1,1,1,0,0,1,1,0,1,1,0,1,1,1,0,1,1,?,1,0,1,0,0,0,1,0,0,1,?,0,0,1,?,0,0,0,1,1,?,?,0,1,0,1,?,0,0,0,0,1,0,1,1,0,0,0,0,0,1,?,0,?,0,0,?,0,0,1,1,1,0,1,1,1,1,1,0,1,0,1,0,1,1,?,1,1,1,1,1,1,1,1,1,1,0,1,0,1,1,1,0,0,1,?,1,?,0,?,0,1,0,1,1,0,1,0,1,0,1,0,0,0,0,1,1,1,1,0,1,1,0,0,1,1,0,?,0,1,1,1,1,1,1,0,?,1,1,1,1,1,1,1,1,0,0,1,0,1,1,0,?,1,1,0,0,?,1,?,0,1,1,1,1,1,0,1,1,1,0,1
CB_06+CB_07,invasive,1,1,1,1,1,0,0,1,0,1,1,0,1,1,1,1,1,0,0,1,1,1,1,0,1,?,1,0,1,1,1,1,1,0,0,1,1,0,1,1,0,1,1,1,0,1,1,1,1,0,1,0,0,0,1,0,0,1,0,0,0,1,0,0,0,?,1,1,0,0,0,1,0,1,1,0,0,0,0,1,0,1,1,0,0,0,?,0,?,0,0,?,0,0,0,0,0,1,1,1,1,1,1,1,1,1,0,1,0,1,0,?,1,0,1,1,1,1,1,1,1,1,1,1,0,1,1,1,1,1,0,0,1,1,0,?,0,?,0,1,0,1,?,0,1,0,1,0,1,0,0,0,0,1,1,1,1,0,1,1,0,0,1,1,0,1,0,1,1,1,1,1,1,0,?,1,1,1,1,1,1,1,1,0,0,1,0,1,1,0,?,1,1,0,0,0,1,?,0,1,1,1,1,1,?,1,1,1,0,1
CB_08+CB_09,invasive,1,1,1,1,1,0,0,1,0,1,1,?,1,1,1,1,1,0,1,1,1,1,1,0,1,1,1,0,1,1,1,1,1,0,0,1,1,0,1,1,0,?,1,1,0,1,1,?,1,0,1,0,0,0,1,0,0,1,?,0,0,1,?,0,0,?,1,1,?,0,0,1,0,1,?,0,0,0,0,1,0,1,1,0,0,0,0,0,1,0,0,0,0,?,?,0,0,1,1,1,0,1,1,1,1,0,0,1,0,1,0,1,1,0,1,1,1,1,1,1,1,1,1,1,0,1,?,1,1,1,0,0,1,1,?,1,0,0,0,1,0,1,?,?,1,0,1,0,1,0,0,?,0,1,1,1,1,0,1,0,0,0,1,1,0,0,0,1,1,1,1,1,1,0,1,1,1,1,1,1,1,1,1,0,0,1,0,1,1,0,1,1,1,0,0,?,1,?,0,1,1,1,1,1,1,1,1,1,0,1
CB_10+CB_11,invasive,1,1,1,1,1,0,0,1,0,1,1,0,1,?,1,1,1,0,?,1,1,1,1,0,1,0,1,0,1,1,1,1,1,0,0,1,1,0,1,1,0,1,1,1,0,1,1,?,1,0,1,0,0,0,1,0,0,1,?,0,0,1,0,0,0,0,1,1,?,1,0,1,0,1,1,0,0,0,0,1,0,1,1,0,0,0,0,0,?,0,0,?,0,0,0,0,0,1,1,1,?,1,1,1,1,?,0,1,0,1,0,?,1,?,1,1,1,1,1,1,1,1,1,1,0,1,?,1,1,1,0,0,1,1,1,?,0,?,0,1,0,1,?,0,1,0,1,0,1,0,0,?,0,1,1,1,1,0,1,1,0,0,1,1,0,1,0,1,1,1,1,1,1,0,?,1,1,1,1,1,1,1,1,0,0,1,0,1,?,0,1,1,1,0,0,0,1,0,0,1,1,1,1,1,?,1,1,1,0,1
CB_12+CB_13,invasive,1,1,1,1,1,0,0,1,0,1,1,0,1,1,1,1,1,0,?,1,1,1,1,0,1,?,1,0,1,1,1,1,1,0,0,1,1,0,1,1,0,1,1,1,0,1,1,0,1,0,1,?,0,0,1,0,0,1,0,0,0,1,0,0,0,0,1,1,0,0,0,1,0,1,1,0,0,0,0,1,0,1,1,0,0,0,0,0,1,0,0,0,0,1,0,0,0,1,1,1,1,1,1,1,1,?,0,1,0,1,0,1,1,?,1,1,1,1,1,1,1,1,1,1,0,1,0,1,?,1,0,0,1,1,1,0,0,1,0,1,0,1,1,1,1,0,1,0,1,0,0,?,0,1,1,1,1,0,1,1,0,0,1,1,0,1,0,1,1,1,1,1,1,0,1,1,1,1,1,1,1,1,1,0,0,1,0,1,1,0,?,1,1,0,0,?,1,?,0,1,1,1,1,1,?,1,1,1,0,1
CB_14+CB_15,invasive,1,1,1,1,1,0,0,1,0,1,1,0,1,1,1,1,1,0,?,1,1,1,1,0,?,1,1,0,1,1,1,?,1,0,0,1,1,0,1,1,0,1,1,1,0,1,1,0,1,0,1,0,0,0,1,0,0,1,?,0,0,1,0,0,0,?,1,1,0,0,0,1,0,1,1,0,0,0,0,1,0,1,1,0,0,0,0,0,1,0,0,0,0,0,0,0,0,1,1,1,1,1,1,1,1,?,0,1,0,1,0,1,1,?,1,1,1,1,1,1,1,1,1,1,0,1,1,1,?,1,0,0,1,1,0,?,0,?,0,1,0,1,0,?,1,0,1,0,1,0,0,?,0,1,1,1,1,0,1,0,0,0,1,1,0,?,0,1,1,1,1,1,1,0,?,1,1,1,1,1,1,1,1,0,0,1,0,1,1,0,?,1,1,0,0,0,1,0,0,1,1,1,1,1,?,1,1,1,0,1
CB_16+CB_17,invasive,1,1,1,1,1,0,0,1,0,1,1,0,1,?,1,1,1,0,?,1,1,1,1,0,1,0,1,0,1,1,1,1,1,0,0,1,1,0,1,1,0,1,1,1,?,1,1,?,1,0,1,0,0,?,1,0,0,1,?,0,0,1,0,0,0,0,1,1,?,0,0,1,0,1,?,0,0,0,0,1,0,1,1,0,0,0,0,0,?,0,0,0,0,?,?,0,0,1,1,1,0,1,1,1,1,?,0,1,0,1,0,?,1,?,1,1,1,1,1,1,1,1,1,1,0,1,0,1,?,1,0,?,1,1,1,1,0,?,0,1,0,1,?,0,1,0,1,0,1,0,0,0,0,1,1,1,1,0,1,1,0,0,1,1,0,?,0,1,1,1,1,1,1,0,?,1,1,1,1,1,1,1,1,0,0,1,0,1,1,0,0,1,1,0,0,1,1,0,0,1,1,1,1,1,?,1,1,1,0,1
CB_18+CB_19,invasive,1,1,1,1,1,0,0,1,0,1,1,0,1,1,1,1,1,0,0,1,1,1,1,0,1,?,1,0,1,1,1,1,1,0,0,1,1,0,1,1,0,1,1,1,0,1,1,0,1,0,1,0,0,0,1,0,0,1,0,0,0,1,0,0,0,0,1,1,?,0,0,1,0,1,1,0,0,0,0,1,0,1,1,0,0,0,0,0,1,0,0,0,0,?,?,0,0,1,1,1,?,1,1,1,1,1,0,1,0,1,0,0,1,?,1,1,1,1,1,1,1,1,1,1,0,1,?,1,0,1,0,0,1,1,?,1,0,0,0,1,0,1,1,0,1,0,1,0,1,0,0,0,0,1,1,1,1,0,1,1,0,0,1,1,0,1,0,1,1,1,1,1,1,0,?,1,1,1,1,1,1,1,1,0,0,1,0,1,?,0,?,1,1,0,0,?,1,0,0,1,1,1,1,1,?,1,1,1,0,1
CB_20+CB_21,invasive,1,1,1,1,1,0,0,1,0,1,1,0,1,1,1,1,1,0,1,1,1,1,1,0,1,0,1,0,1,1,1,1,1,0,0,1,1,0,1,1,0,1,1,1,0,1,1,0,1,0,1,0,0,0,1,0,0,1,1,0,0,1,0,0,0,0,1,1,?,0,0,1,0,1,1,0,0,0,0,1,0,1,1,0,0,0,0,0,0,?,0,?,0,1,?,0,0,1,1,1,?,1,1,1,1,1,0,1,0,1,0,?,1,1,1,1,1,1,1,1,1,1,1,1,0,1,0,1,?,1,0,0,1,1,?,?,0,0,0,1,0,1,?,0,1,0,1,0,1,0,0,0,0,1,1,1,1,0,1,1,0,0,1,1,0,1,0,1,1,1,1,1,1,0,1,1,1,1,1,1,1,1,1,0,0,1,0,1,?,0,0,1,1,0,0,0,1,0,0,1,1,1,1,1,0,1,1,1,0,1
CB_22+CB_23,invasive,1,1,1,1,1,0,0,1,0,1,1,0,1,1,1,1,1,0,?,1,1,1,1,0,?,1,1,0,1,1,1,1,1,0,0,1,1,0,1,1,0,1,1,1,0,1,1,?,1,0,1,0,0,0,1,0,0,1,0,0,0,1,?,0,0,0,1,1,0,0,0,1,0,1,1,0,0,0,0,1,0,1,1,0,0,0,0,0,?,0,0,0,0,?,?,0,0,1,1,1,?,1,1,1,1,1,0,1,0,1,0,0,1,0,1,1,1,1,1,1,1,1,1,1,0,1,0,1,0,1,0,0,1,1,0,1,0,?,0,1,0,1,?,0,1,0,1,0,1,0,0,?,0,1,1,1,1,0,1,?,0,0,1,1,0,1,0,1,1,1,1,1,1,0,1,1,1,1,1,1,1,1,1,0,0,1,0,1,1,0,?,1,1,0,0,0,1,0,0,1,1,1,1,1,?,1,1,1,0,1
CB_24+CB_25,invasive,1,1,1,1,1,0,0,1,0,1,1,0,1,1,1,1,1,0,?,1,1,1,1,0,1,?,1,0,1,1,1,1,1,0,0,1,1,0,1,1,0,1,1,1,0,1,1,0,1,0,1,0,0,0,1,0,0,1,1,0,0,1,0,0,0,0,1,1,0,0,0,1,0,1,?,0,0,0,0,1,0,1,1,0,0,0,0,0,?,0,0,0,0,?,?,0,0,1,1,1,?,1,1,1,1,1,0,1,0,1,0,1,1,?,1,1,1,1,1,1,1,1,1,1,0,1,?,1,?,1,0,0,1,1,?,?,0,1,0,1,0,1,?,0,1,0,1,0,1,0,0,0,0,1,1,1,1,0,1,?,0,0,1,1,0,?,0,1,1,1,1,1,1,0,?,1,1,1,1,1,1,1,1,0,0,1,0,1,1,0,?,1,1,0,0,?,1,0,0,1,1,1,1,1,?,1,1,1,0,1
CB_26+CB_27,invasive,1,1,1,1,1,0,0,1,0,1,1,0,1,1,1,1,1,0,1,1,1,1,1,0,1,?,1,0,1,1,1,0,1,0,0,1,1,0,1,1,0,1,1,1,0,1,1,?,1,0,1,0,0,0,1,0,0,1,1,0,0,1,0,?,0,0,1,1,0,0,0,1,0,1,0,0,0,0,0,1,0,1,1,0,0,0,0,0,1,0,0,0,?,0,?,0,0,1,1,1,0,1,1,1,1,0,0,1,0,1,0,1,1,?,1,1,1,1,1,1,1,1,1,1,0,1,?,1,?,1,0,0,1,1,1,?,0,?,0,1,0,1,0,?,1,0,1,0,1,0,0,?,0,1,1,1,1,0,1,?,0,0,1,1,0,?,0,1,1,1,1,1,1,0,1,1,1,1,1,1,1,1,1,0,0,1,0,1,1,0,?,1,1,0,0,0,1,?,0,1,1,1,1,1,?,1,1,1,0,1
CB_28+CB_29,invasive,1,1,1,1,1,0,0,1,0,1,1,?,1,1,1,1,1,0,1,1,1,1,1,0,1,?,1,0,1,1,1,1,1,0,0,1,1,0,1,1,0,1,1,1,0,1,1,?,1,0,1,0,0,0,1,0,0,1,?,0,0,1,?,0,0,0,1,1,?,0,0,1,0,1,0,0,0,0,0,1,0,1,1,0,0,0,?,0,1,0,0,?,?,0,?,0,0,1,1,1,1,1,1,1,1,?,0,1,0,1,0,1,1,0,1,1,1,1,1,1,1,1,1,1,0,1,0,1,1,1,0,0,1,1,?,1,0,0,0,1,0,1,1,0,1,0,1,0,1,0,0,0,0,1,1,1,1,0,1,1,0,0,1,1,0,1,0,1,1,1,1,1,1,0,1,1,1,1,1,1,1,1,1,0,0,1,0,1,1,?,0,1,1,0,0,0,1,0,0,1,1,1,1,1,0,1,1,1,0,1
CB_30+CB_31,invasive,1,1,1,1,1,0,0,1,0,1,1,0,1,1,1,1,1,0,1,1,1,1,1,0,?,1,1,0,1,1,1,1,1,0,0,1,1,0,1,1,0,1,1,1,0,1,1,?,1,0,1,0,0,0,1,0,0,1,0,0,0,1,0,0,0,0,1,1,0,0,0,1,0,1,1,0,0,0,0,1,0,1,1,0,0,0,0,0,?,0,0,?,?,?,0,0,0,1,1,1,1,1,1,1,1,1,0,1,0,1,0,?,1,?,1,1,1,1,1,1,1,1,1,1,0,1,0,1,?,1,0,0,1,1,?,?,0,1,0,1,0,1,0,?,1,0,1,0,1,0,0,0,0,1,1,1,1,0,1,?,0,0,1,1,0,1,0,1,1,1,1,1,1,0,1,1,1,1,1,1,1,1,1,0,0,1,0,1,1,0,1,1,1,0,0,0,1,0,0,1,1,1,1,1,?,?,1,1,0,1
CB_32+CB_33,invasive,1,1,1,1,1,0,0,1,0,1,1,0,1,1,1,1,1,0,1,1,1,1,1,0,1,1,1,0,1,1,1,1,1,0,0,1,1,0,1,1,0,1,1,1,0,1,1,1,1,0,1,0,0,0,1,0,0,1,?,0,0,1,0,0,0,0,1,1,0,0,0,1,0,1,?,0,0,0,0,1,0,1,1,0,0,0,0,0,1,0,0,0,0,0,1,0,0,1,1,1,1,1,1,1,1,?,0,1,0,1,0,?,1,?,1,1,1,1,1,1,1,1,1,1,0,1,?,1,1,1,0,0,1,?,0,1,0,1,0,1,0,1,1,0,1,0,1,0,1,0,0,?,0,1,1,1,1,0,1,1,0,0,1,1,0,1,0,1,1,1,1,1,1,0,0,1,1,1,1,1,1,1,1,0,0,1,0,1,?,0,1,1,1,0,0,0,1,0,0,1,1,1,1,1,0,1,1,1,0,1
CD_01+CD_02,invasive,1,1,1,1,1,0,0,1,0,1,1,?,1,1,1,1,1,0,0,1,1,1,1,0,1,1,1,0,1,1,1,1,1,0,0,1,1,0,1,1,0,1,1,1,0,1,1,0,1,0,1,0,0,0,1,0,0,1,?,0,0,1,0,0,0,0,1,1,1,0,0,1,0,1,?,0,0,0,0,1,0,1,1,0,0,0,0,0,?,0,0,0,?,0,1,0,0,1,1,1,0,1,1,1,1,0,0,1,0,1,0,?,1,?,1,1,1,1,1,1,1,1,1,1,0,1,0,1,?,1,0,?,1,1,1,?,0,0,0,1,0,1,1,0,1,0,1,0,1,0,0,0,0,1,1,1,1,0,1,1,0,0,1,1,?,?,0,1,1,1,1,1,1,0,1,1,1,1,1,1,1,1,1,0,0,1,0,1,1,0,?,1,1,0,0,?,1,1,0,1,1,1,1,1,0,1,1,1,0,1
CD_03+CD_04,invasive,1,1,1,1,1,0,0,1,0,1,1,0,1,?,1,1,1,0,?,1,1,1,1,0,?,1,1,0,?,1,1,?,1,0,0,1,1,0,1,1,0,1,1,1,0,1,1,0,1,0,1,0,0,0,1,0,0,1,1,0,0,1,0,0,0,?,1,1,1,0,0,1,0,1,?,0,0,0,0,1,0,1,1,0,0,0,0,0,1,0,0,0,1,0,1,0,0,1,1,1,?,1,1,1,1,?,0,1,0,1,0,?,1,?,1,1,1,1,1,1,1,1,1,1,0,1,0,1,?,1,0,?,1,1,1,0,0,0,0,1,0,1,1,0,1,0,1,0,1,0,0,0,0,1,1,1,1,0,1,1,0,0,1,1,1,?,0,1,1,1,1,1,1,0,1,1,1,1,1,1,1,1,1,0,0,1,0,1,?,0,?,1,1,0,0,?,1,?,0,1,1,1,1,1,1,1,1,1,0,1
CD_05+CD_06,invasive,1,1,1,1,1,0,0,1,0,1,1,0,1,1,1,1,1,0,0,1,1,1,1,0,1,1,1,0,1,1,1,1,1,0,0,1,1,0,1,1,0,1,1,1,0,1,1,?,1,0,1,0,0,0,1,0,0,1,?,0,0,1,0,0,0,1,1,1,1,0,0,1,0,1,1,0,0,0,0,1,0,1,1,0,0,0,0,0,1,0,0,0,0,0,1,0,0,1,1,1,0,1,1,1,1,0,0,1,0,1,0,0,1,?,1,1,1,1,1,1,1,1,1,1,0,1,?,1,?,1,0,?,1,1,?,?,0,?,0,1,0,1,1,0,1,0,1,0,1,0,0,0,0,1,1,1,1,0,1,1,0,0,1,1,?,1,0,1,1,1,1,1,1,0,1,1,1,1,1,1,1,1,1,0,0,1,0,1,?,0,?,1,1,0,0,?,1,?,0,1,1,1,1,1,?,1,1,1,0,1
CD_07+CD_08,invasive,1,1,1,1,1,0,0,1,0,1,1,0,1,1,1,1,1,0,0,1,1,1,1,0,1,1,1,0,?,1,1,1,1,0,0,1,1,0,1,1,0,1,1,1,0,1,1,?,1,0,1,?,0,0,1,0,0,1,0,0,0,1,0,0,0,?,1,1,1,0,0,1,0,1,1,0,0,0,0,1,0,1,1,0,0,0,?,0,1,0,0,0,?,0,1,0,0,1,1,1,0,1,1,1,1,0,0,1,0,1,0,1,1,1,1,1,1,1,1,1,1,1,1,1,0,1,?,1,1,1,0,?,1,1,?,?,0,1,0,1,0,1,1,0,1,0,1,0,1,0,0,0,0,1,1,1,1,0,1,1,0,0,1,1,0,?,0,1,1,1,1,1,1,0,1,1,1,1,1,1,1,1,1,?,0,1,0,1,1,0,1,1,1,0,0,?,1,?,0,1,1,1,1,1,?,1,1,1,0,?
CD_09+CD_10,invasive,1,1,1,1,1,0,0,1,0,1,1,0,1,1,1,1,1,0,?,1,1,1,1,0,1,1,1,0,1,1,1,?,1,0,0,1,1,0,1,1,0,1,1,1,0,1,1,0,1,0,1,0,0,0,1,0,0,1,0,0,0,1,0,0,0,0,1,1,1,0,0,1,0,1,1,0,0,0,0,1,0,1,1,0,0,0,0,0,1,0,0,0,0,0,1,0,0,1,1,1,0,1,1,1,1,0,0,1,0,1,0,0,1,?,1,1,1,1,1,1,1,1,1,1,0,1,0,1,0,1,0,1,1,1,?,0,0,1,0,1,0,1,1,0,1,0,1,0,1,0,0,0,0,1,1,1,1,0,1,1,0,0,1,1,0,1,0,1,1,1,1,1,1,0,1,1,1,1,1,1,1,1,1,0,0,1,0,1,?,0,1,1,1,0,0,?,1,1,0,1,1,1,1,1,1,1,1,1,0,1
CD_11+CD_12,invasive,1,1,1,1,1,0,0,1,0,1,1,0,1,1,1,1,1,0,?,1,1,1,1,0,1,1,1,0,1,1,1,?,1,0,0,1,1,0,1,1,?,1,1,1,0,1,1,0,1,0,1,0,0,0,1,0,?,1,1,0,0,1,0,0,0,0,1,1,1,0,0,1,0,1,?,0,0,0,0,1,0,1,1,0,0,0,0,0,1,0,0,0,?,0,1,0,0,1,1,1,1,1,1,1,1,1,0,1,0,1,0,0,1,1,1,1,1,1,1,1,1,1,1,1,0,1,0,1,1,1,0,0,1,1,1,0,0,?,0,1,0,1,1,0,?,0,1,0,1,0,0,0,0,1,1,1,1,0,1,1,0,0,1,1,1,?,0,1,1,1,1,1,1,0,1,1,1,1,1,1,1,1,1,0,0,1,0,1,1,0,?,1,1,0,0,?,1,1,0,1,1,1,1,1,0,1,1,1,0,1
CD_13+CD_15,invasive,1,1,1,1,1,0,0,1,0,1,1,0,1,1,1,1,1,0,0,1,1,1,1,0,1,?,1,0,?,1,1,0,1,0,0,1,1,0,1,1,0,1,1,1,0,1,1,0,1,0,1,0,0,0,1,0,0,1,1,0,0,1,0,0,0,0,1,1,1,0,0,1,0,1,1,0,0,0,0,1,0,1,1,0,0,0,0,0,1,0,0,0,0,0,?,0,0,1,1,1,0,1,1,1,1,0,0,1,0,1,0,0,1,1,1,1,1,1,1,1,1,1,1,1,0,1,0,1,1,1,0,1,1,1,1,0,0,1,0,1,0,1,1,0,1,0,1,0,1,0,0,0,0,1,1,1,1,0,1,1,0,0,1,1,1,1,0,1,1,1,1,1,1,0,1,1,1,1,1,1,1,1,1,?,0,1,0,1,1,0,1,1,1,0,0,?,1,?,0,1,1,1,1,1,1,1,1,1,0,?
CD_16+CD_17,invasive,1,1,1,1,1,0,0,1,0,1,1,0,1,1,1,1,1,0,?,1,1,1,1,0,1,0,1,0,1,1,1,?,1,0,0,1,1,0,1,1,0,1,1,1,0,1,1,0,1,0,1,0,0,0,1,0,0,1,1,0,0,1,0,0,0,0,1,1,1,0,0,1,0,1,?,0,0,0,0,1,0,1,1,0,0,0,0,0,1,0,0,0,?,0,0,0,0,1,1,1,0,1,1,1,1,0,0,1,0,1,0,?,1,0,1,1,1,1,1,1,1,1,1,1,0,1,0,1,?,1,0,?,1,1,1,0,0,?,0,1,0,1,1,0,1,0,1,0,1,0,0,0,0,1,1,1,1,0,1,1,0,0,1,1,0,?,0,1,1,1,1,1,1,0,1,1,1,1,1,1,1,1,1,0,0,1,0,1,1,0,?,1,1,0,0,1,1,?,0,1,1,1,1,1,?,1,1,1,0,1
CD_18+CD_19,invasive,1,1,1,1,1,0,0,1,0,1,1,0,1,1,1,1,1,0,0,1,1,1,1,0,1,1,1,0,?,1,1,?,1,0,0,1,1,0,1,1,0,1,1,1,0,1,1,0,1,0,1,0,0,0,1,0,0,1,?,0,0,1,0,0,0,?,1,1,1,0,0,1,0,1,?,0,0,0,0,1,0,1,1,0,0,0,0,0,1,0,0,0,?,0,1,0,0,1,1,1,0,1,1,1,1,0,0,1,0,1,0,0,1,?,1,1,1,1,1,1,1,1,1,1,0,1,1,1,1,1,0,?,1,1,1,0,0,1,0,1,0,1,1,0,1,0,1,0,1,0,0,0,0,1,1,1,1,0,1,1,0,0,1,1,0,?,0,1,1,1,1,1,1,0,1,1,1,1,1,1,1,1,1,?,0,1,0,1,1,0,?,1,1,0,0,?,1,1,0,1,1,1,1,1,1,1,1,1,0,?
CD_20+CD_21,invasive,1,1,1,1,1,0,0,1,0,1,1,0,1,?,1,1,1,0,?,1,1,1,1,0,?,1,1,0,1,1,1,?,1,0,0,1,1,0,1,1,0,1,1,1,0,1,1,0,1,0,1,0,0,0,1,0,0,1,?,0,0,1,0,0,0,0,1,1,1,0,0,1,0,1,1,0,?,0,0,1,0,1,1,0,0,0,0,0,1,0,0,0,?,0,1,0,0,1,1,1,0,1,1,1,1,0,0,1,0,1,0,?,1,0,1,1,1,1,1,1,1,1,1,1,0,1,0,1,?,1,0,?,1,1,?,0,0,?,0,1,0,1,1,0,1,0,1,0,1,0,0,0,0,1,1,1,1,0,1,1,0,0,1,1,?,1,0,1,1,1,1,1,1,0,1,1,1,1,1,1,1,1,1,0,0,1,0,1,1,0,1,1,1,0,0,?,1,1,0,1,1,1,1,1,1,1,1,1,0,?
CD_22+CD_23,invasive,1,1,1,1,1,0,0,1,0,1,1,0,1,1,1,1,1,0,1,1,1,1,1,0,1,?,1,0,1,1,1,1,1,0,0,1,1,0,1,1,0,1,1,1,0,1,1,0,1,0,1,0,0,0,1,0,0,1,?,0,0,1,0,0,0,0,1,1,1,0,0,1,0,1,1,0,0,0,0,1,0,1,1,0,0,0,?,0,1,0,0,0,?,0,?,0,0,1,1,1,0,1,1,1,1,0,0,1,0,1,0,0,1,0,1,1,1,1,1,1,1,1,1,1,0,1,1,1,1,1,0,?,1,1,1,0,0,?,0,1,0,1,1,0,1,0,1,0,1,0,0,?,0,1,1,1,1,0,1,1,0,0,1,1,?,?,0,1,1,1,1,1,1,0,1,1,1,1,1,1,1,1,1,?,0,1,0,1,1,0,1,1,1,0,0,?,1,0,0,1,1,1,1,1,1,1,1,1,0,1
DR_01+DR_02,exotic,1,1,1,1,1,0,0,1,0,1,1,?,1,1,1,1,1,0,0,1,1,1,1,0,1,1,1,0,1,1,1,1,1,0,0,1,1,0,1,1,0,?,1,1,0,1,1,0,1,0,1,0,0,0,1,0,0,1,?,0,0,1,1,0,0,1,1,1,?,0,0,1,0,1,1,0,1,0,0,1,0,1,1,1,0,0,?,0,0,?,0,1,0,0,1,0,0,1,1,1,1,1,1,1,1,0,0,1,0,?,0,0,1,1,1,1,1,1,1,1,1,1,1,1,0,1,0,1,?,1,0,0,1,1,0,0,1,0,0,1,0,1,0,0,1,0,1,1,1,0,0,0,0,1,1,1,1,0,1,1,0,0,1,1,1,?,0,1,1,1,1,1,1,0,1,1,1,1,1,1,1,1,1,0,0,1,0,1,1,0,1,1,1,0,0,0,1,0,0,1,1,1,1,1,0,1,1,1,0,?
DR_03+DR_04,exotic,1,1,1,1,1,0,0,1,0,1,1,0,1,1,?,1,1,0,0,1,1,1,1,0,1,1,1,0,1,1,1,1,1,0,0,1,1,0,1,1,0,0,1,1,0,1,1,0,1,0,1,0,0,0,1,0,0,1,?,0,?,1,?,0,0,1,1,1,?,0,0,1,0,1,0,0,1,0,0,1,0,1,1,?,0,0,0,0,0,0,0,?,0,0,1,0,?,1,1,1,1,1,1,1,1,0,0,1,0,?,0,?,1,0,1,1,1,1,1,1,1,1,1,1,0,1,0,1,1,1,0,0,1,1,?,0,?,0,0,1,0,1,?,0,?,0,1,?,1,0,0,0,0,1,1,1,1,0,1,1,0,0,1,1,?,1,0,1,1,1,1,1,1,0,1,1,1,1,1,1,1,1,1,0,0,1,0,1,1,0,?,1,1,0,0,0,1,0,0,1,1,1,1,1,0,0,1,1,0,1
DR_05+DR_06,exotic,1,1,1,1,1,0,0,1,0,1,1,?,1,1,1,1,1,0,0,1,1,1,1,0,1,1,1,0,1,1,1,1,1,0,0,1,1,0,1,1,0,?,1,1,0,1,1,0,1,0,1,0,0,0,1,0,0,1,1,0,0,1,?,0,0,1,1,1,?,0,0,1,0,1,?,0,1,0,0,1,0,1,1,1,0,0,?,0,0,?,0,1,0,0,1,0,?,1,1,1,1,1,1,1,1,0,0,1,0,?,0,0,1,0,1,1,1,1,1,1,1,1,1,1,0,1,0,1,?,1,0,0,1,1,?,0,?,0,0,1,0,1,1,0,?,0,1,1,1,0,0,0,0,1,1,1,1,0,1,1,0,0,1,1,1,1,0,1,1,1,1,1,1,0,1,1,1,1,1,1,1,1,1,0,0,1,0,1,1,0,1,1,1,0,0,0,1,0,0,1,1,1,1,1,0,?,1,1,0,1
DR_07+DR_08,exotic,1,1,1,1,1,0,0,1,0,1,1,0,1,?,1,1,1,0,0,1,1,1,1,0,1,1,1,0,1,1,1,1,1,0,0,1,1,0,1,1,0,0,1,1,0,1,1,0,1,0,1,0,0,0,1,0,0,1,1,0,?,1,?,0,0,1,1,1,0,0,0,1,0,1,0,0,1,0,0,1,0,1,1,?,0,0,?,0,0,0,0,1,0,0,1,0,?,1,1,1,1,1,1,1,1,0,0,1,0,1,0,?,1,1,1,1,1,1,1,1,1,1,1,1,0,1,0,1,1,1,0,0,1,1,?,0,1,0,0,1,0,1,?,0,1,0,1,1,1,0,0,0,0,1,1,1,1,0,1,?,0,0,1,1,1,1,0,1,1,1,1,1,1,0,1,1,1,1,1,1,1,1,1,0,0,1,0,1,1,0,1,1,1,0,0,0,1,0,0,1,1,1,1,1,0,1,1,1,0,?
DR_09+DR_10,exotic,1,1,1,1,1,0,0,1,0,1,1,?,1,1,1,1,1,0,0,1,1,1,1,0,1,1,1,0,1,1,1,1,1,0,0,1,1,0,1,1,0,?,1,1,0,1,1,0,1,0,1,0,0,0,1,0,0,1,?,0,?,1,0,0,0,1,1,1,1,0,0,1,0,1,?,0,1,0,0,1,0,1,1,?,0,0,?,0,0,?,0,1,0,0,1,0,0,1,1,1,1,1,1,1,1,0,?,1,0,?,0,?,1,?,1,1,1,1,1,1,1,1,1,1,0,1,0,1,1,1,0,0,1,1,0,0,1,0,0,1,0,1,?,0,1,0,1,?,1,0,0,0,0,1,1,1,1,0,1,1,0,0,1,1,?,1,0,1,1,1,1,1,1,0,1,1,1,1,1,1,1,1,1,0,0,1,0,1,1,0,1,1,1,0,0,0,1,0,0,1,1,1,1,1,0,?,1,1,0,1
DR_11+DR_12,exotic,1,1,1,1,1,0,0,1,0,1,1,0,1,1,1,1,1,0,0,1,1,1,1,0,1,1,1,0,1,1,1,1,1,0,0,1,1,0,1,1,0,?,1,1,0,1,1,0,1,0,1,0,0,0,1,0,0,1,1,0,0,1,0,0,0,1,1,1,0,0,0,1,0,1,?,0,1,0,0,1,0,1,1,1,0,0,?,0,0,0,0,1,?,0,1,0,0,1,1,1,1,1,1,1,1,0,?,1,0,?,0,0,1,?,1,1,1,1,1,1,1,1,1,1,0,1,0,1,1,1,0,0,1,1,0,0,1,0,0,1,0,1,1,0,1,0,1,1,1,0,0,0,0,1,1,1,1,0,1,1,0,0,1,1,1,1,0,1,1,1,1,1,1,0,1,1,1,1,1,1,1,1,1,0,0,1,0,1,1,0,1,1,1,0,0,0,1,0,0,1,1,1,1,1,0,1,1,1,0,?
DR_13+DR_14,exotic,1,1,1,1,1,0,0,1,0,1,1,?,1,0,1,1,1,0,0,1,1,1,1,0,1,1,1,0,1,1,1,1,1,0,0,1,1,0,1,1,0,?,1,1,0,1,1,0,1,0,1,0,0,0,1,0,0,1,?,0,0,1,1,0,0,1,1,1,?,0,0,1,0,1,1,0,1,0,0,1,0,1,1,1,0,0,1,0,0,1,0,1,?,0,1,0,0,1,1,1,1,1,1,1,1,0,0,1,0,1,0,0,1,?,1,1,1,1,1,1,1,1,1,1,0,1,0,1,1,1,0,0,1,1,?,0,1,0,0,1,0,1,0,0,1,0,1,1,1,0,0,0,0,1,1,1,1,0,1,?,0,0,1,1,1,1,0,1,1,1,1,1,1,0,1,1,1,1,1,1,1,1,1,0,0,1,0,1,1,0,?,1,1,0,0,0,1,0,0,1,1,1,1,1,0,1,1,1,0,1
DR_15+DR_16,exotic,1,1,1,1,1,0,0,1,0,1,1,?,1,1,1,1,1,0,0,1,1,1,1,0,1,1,1,0,1,1,1,1,1,0,0,1,1,0,1,1,0,0,1,1,0,1,1,0,1,0,1,0,0,0,1,0,0,1,1,0,?,1,1,0,0,1,?,1,?,0,0,1,0,1,0,0,1,0,0,1,0,1,1,1,0,0,?,0,0,0,?,?,0,?,1,0,?,1,1,1,1,1,1,1,1,0,0,1,0,1,0,?,1,?,1,1,1,1,1,1,1,1,1,1,0,1,0,1,1,1,0,0,1,1,1,?,1,0,0,1,0,1,?,0,1,0,1,1,1,0,0,0,0,1,1,1,1,0,1,1,0,?,1,1,1,1,0,1,1,1,1,1,1,0,1,1,1,?,1,1,1,1,1,0,0,?,0,1,1,0,?,1,1,0,0,0,1,0,0,1,1,1,1,1,0,1,1,1,0,0
DR_17+DR_18,exotic,1,1,1,1,1,0,0,1,0,1,1,?,1,?,1,1,1,0,0,1,1,1,1,0,1,?,1,0,1,1,1,1,1,0,0,1,1,0,1,1,0,?,1,1,0,1,1,0,1,0,1,0,0,0,1,0,0,1,1,0,0,1,?,0,0,1,1,1,1,0,0,1,0,1,1,0,1,0,0,1,0,1,1,1,0,0,0,?,0,?,0,1,0,0,1,0,0,1,1,1,1,1,1,1,1,0,0,1,0,1,0,0,1,0,1,1,1,1,1,1,1,1,1,1,0,1,0,1,1,1,0,0,1,1,?,0,1,?,0,1,0,1,0,0,1,0,1,1,1,0,0,0,0,1,1,1,1,0,1,1,0,0,1,1,1,?,?,1,1,1,1,1,1,0,1,1,1,1,1,1,1,1,1,0,0,1,0,1,1,0,1,1,1,0,0,0,1,0,0,1,1,1,1,1,0,1,1,1,0,1
DR_19+DR_20,exotic,1,1,1,1,1,0,0,1,0,1,1,1,1,1,1,1,1,0,0,1,1,1,1,0,1,1,1,0,1,1,1,1,1,0,0,1,1,0,1,1,0,0,1,1,0,1,1,0,1,0,1,0,0,0,1,0,0,1,?,0,0,1,?,0,0,?,1,1,?,0,0,1,?,1,0,0,?,0,0,1,0,1,1,1,0,0,0,0,0,1,0,1,0,0,1,0,0,1,1,1,1,1,1,1,1,0,0,1,0,?,0,0,1,0,1,1,1,1,1,1,1,1,1,1,0,1,0,1,1,1,0,0,1,1,0,0,1,?,0,1,0,1,0,0,1,0,1,1,1,0,0,0,0,1,1,1,1,0,1,?,0,0,1,1,?,1,0,1,1,1,1,1,1,0,1,1,1,1,1,1,1,1,1,0,0,1,0,1,1,0,0,1,1,0,0,0,1,0,0,1,1,1,1,1,0,0,1,1,0,1
T1_01+T1_02,native,1,1,1,1,1,0,0,1,0,1,1,0,1,?,0,1,1,0,0,1,1,1,1,0,0,0,1,0,1,1,1,0,1,0,0,1,1,0,1,1,0,0,1,1,0,1,1,0,1,?,1,0,0,0,1,1,1,1,1,1,0,1,0,0,0,0,1,1,0,0,1,1,0,1,?,?,0,0,0,1,0,1,1,0,0,0,?,0,0,0,0,1,0,0,?,?,0,1,1,1,?,1,1,1,1,0,1,1,0,1,0,0,1,0,1,1,1,1,1,1,1,1,1,1,0,1,0,1,0,1,0,?,1,1,0,0,0,0,0,1,?,1,0,?,1,1,1,0,1,0,0,0,0,1,1,1,1,1,1,1,0,0,1,1,0,0,0,1,1,1,1,1,1,0,1,1,?,1,1,1,1,1,1,1,0,1,0,1,1,?,1,1,1,0,?,0,1,?,?,1,1,1,1,1,0,?,?,1,0,1
T1_03+T1_04,native,1,1,1,1,1,0,0,1,0,1,1,0,1,1,0,1,1,0,0,1,1,1,1,1,1,0,1,0,1,1,1,0,1,0,1,1,1,0,1,1,0,0,1,1,0,1,1,0,1,0,1,0,0,0,1,0,0,1,?,0,0,1,0,0,0,0,1,1,?,0,1,1,0,1,?,0,0,0,0,1,0,1,1,0,1,0,?,0,0,0,0,1,0,0,0,0,0,1,1,1,0,1,1,1,1,0,0,1,0,1,0,0,1,0,1,1,1,1,1,1,1,1,1,1,0,1,0,1,0,1,0,?,1,1,0,0,0,0,0,1,?,1,0,?,1,0,1,0,1,0,0,0,0,1,1,1,1,1,1,1,0,0,1,1,0,0,0,1,1,1,1,?,1,0,1,1,0,1,1,1,1,1,1,?,0,1,0,1,?,0,1,1,1,0,0,0,1,0,0,1,1,1,1,1,0,0,0,1,0,1
T1_05+T1_06,native,1,1,1,1,1,0,0,1,0,1,1,0,1,1,0,1,1,0,0,1,1,1,1,?,1,?,1,0,1,1,1,0,1,0,0,1,1,0,1,1,0,0,1,1,0,1,1,0,1,?,1,?,0,0,1,0,?,1,?,1,0,1,0,0,0,0,1,1,1,0,0,1,0,1,1,0,0,0,0,1,0,1,1,0,?,0,?,0,0,0,0,1,0,0,1,0,0,1,1,1,?,?,1,1,1,0,?,1,0,1,0,0,1,0,1,1,1,1,1,1,1,1,1,1,?,1,0,1,0,1,0,1,1,1,0,0,0,0,0,1,?,1,0,1,1,?,1,0,1,0,0,0,0,1,1,1,1,1,1,1,0,?,1,1,0,0,0,1,1,1,1,1,1,0,1,1,?,1,1,1,1,1,1,1,0,1,0,1,1,0,1,1,1,0,0,0,1,0,1,1,1,1,1,1,0,0,?,1,0,1
T1_07+T1_08,native,1,1,1,1,1,0,?,1,0,1,1,0,1,0,0,1,1,0,0,1,1,1,1,0,?,?,1,0,1,1,1,0,1,0,?,1,1,0,1,1,0,0,1,1,0,1,1,0,1,?,1,?,0,0,1,0,?,1,0,0,0,1,0,0,0,0,1,1,1,0,?,1,0,1,?,0,0,0,0,1,0,1,1,0,0,0,?,0,0,0,0,0,0,0,1,0,0,1,1,1,?,1,1,1,1,0,0,1,?,1,?,0,1,0,1,1,1,1,1,1,1,1,1,1,?,1,0,1,0,1,0,1,1,1,0,0,0,0,0,1,0,1,0,0,1,?,1,0,1,0,0,0,0,1,1,1,1,1,1,1,0,?,1,1,0,0,0,1,1,1,1,1,1,0,1,1,1,1,1,1,1,1,1,?,0,1,0,1,1,?,1,1,1,0,0,0,1,?,0,1,1,1,1,1,0,0,1,1,0,1
T1_09+T1_10,native,1,1,1,1,1,0,0,1,0,1,1,0,1,?,0,1,1,0,0,1,1,1,1,0,?,0,1,0,1,1,1,?,1,0,0,1,1,0,1,1,0,0,1,1,0,1,1,0,1,0,1,0,0,0,1,?,?,1,0,1,0,1,0,0,0,0,1,1,1,0,?,1,0,1,?,0,0,0,0,1,0,1,1,0,1,0,?,0,0,0,0,1,0,0,?,0,0,1,1,1,?,1,1,1,1,0,0,1,?,1,0,0,1,0,1,1,1,1,1,1,1,1,1,1,?,1,0,1,0,1,0,1,1,1,0,0,0,0,0,1,?,1,0,?,1,1,1,0,1,0,0,0,0,1,1,1,1,1,1,1,0,?,1,1,0,0,0,1,1,1,1,1,1,0,1,1,0,1,1,1,1,1,1,1,1,1,0,1,1,0,1,1,1,0,?,0,1,1,?,1,1,1,1,1,0,?,1,1,0,1
T1_11+T1_12,native,1,1,1,1,1,0,?,1,0,1,1,0,1,0,0,1,1,0,0,1,1,1,1,0,1,1,1,0,1,1,1,0,1,0,0,1,1,0,1,1,0,0,1,1,0,1,1,0,1,?,1,?,0,0,1,0,1,1,1,1,0,1,0,0,0,0,1,1,0,0,?,1,0,1,?,0,0,0,0,1,0,1,1,0,0,0,0,0,0,0,0,1,0,0,?,0,0,1,1,1,?,1,1,1,1,0,1,1,0,1,?,0,1,0,1,1,1,1,1,1,1,1,1,1,0,1,0,1,0,1,0,1,1,1,?,0,0,0,0,1,1,1,0,0,1,0,1,0,1,0,0,0,1,1,1,1,1,1,1,1,0,0,1,1,0,0,0,1,1,1,1,1,1,0,1,1,?,1,1,1,1,1,1,1,1,1,0,1,1,?,1,1,1,0,0,0,1,1,0,1,1,1,1,1,0,?,0,1,0,1
T1_13+T1_14,native,1,1,1,1,1,0,0,1,0,1,1,0,1,1,0,1,1,0,0,1,1,1,1,0,1,?,1,0,1,1,1,0,1,0,?,1,1,0,1,1,0,0,1,1,0,?,1,?,1,1,1,0,0,0,1,?,?,1,0,?,0,1,0,0,0,0,1,1,1,0,?,1,0,1,1,0,0,0,0,1,0,1,1,0,0,0,?,0,0,0,0,1,0,0,?,0,0,1,1,1,?,1,1,1,1,0,?,1,0,1,0,0,1,0,1,1,1,1,1,1,1,1,1,1,0,1,0,1,0,1,0,?,1,1,1,0,0,0,0,1,0,1,0,0,1,?,1,0,1,0,0,0,0,1,1,1,1,?,1,1,0,1,1,1,0,0,0,1,1,1,1,1,1,0,1,1,?,1,1,1,1,1,1,0,0,1,0,1,?,0,1,1,1,0,0,0,1,0,0,1,1,1,1,1,0,0,0,1,0,1
T1_16+T1_17,native,1,1,1,1,1,0,?,1,0,1,1,0,1,1,0,1,1,0,0,1,1,1,1,0,1,?,1,0,1,1,1,0,1,0,?,1,1,0,1,1,0,0,1,1,0,1,1,0,1,?,1,0,0,0,1,0,?,1,?,?,0,1,0,0,0,0,1,1,1,0,1,1,0,1,1,0,0,0,0,1,0,1,1,0,?,0,1,0,0,0,0,1,0,0,?,0,0,1,1,1,?,1,1,1,1,0,1,1,0,1,0,0,1,0,1,1,1,1,1,1,1,1,1,1,0,1,0,1,0,1,0,1,1,1,?,0,0,0,0,1,0,1,0,?,1,?,1,0,1,0,0,0,0,1,1,1,1,?,1,1,0,0,1,1,0,0,0,1,1,1,1,1,1,0,1,1,1,1,1,1,1,1,1,?,0,1,0,1,?,?,1,1,1,0,0,0,1,?,?,1,1,1,1,1,0,?,?,1,0,1
T1_18+T1_19,native,1,1,1,1,1,0,0,1,0,1,1,0,1,0,0,1,1,0,0,1,1,1,1,0,1,?,1,0,1,1,1,?,1,?,0,1,1,0,1,1,0,0,1,1,0,1,1,?,1,?,1,0,0,0,1,0,?,1,1,1,0,1,0,0,0,0,1,1,1,0,?,1,0,1,1,0,0,0,0,1,0,1,1,0,?,0,?,0,0,0,0,1,0,0,1,0,0,1,1,1,?,1,1,1,1,0,0,1,?,1,?,0,1,0,1,1,1,1,1,1,1,1,1,1,?,1,0,1,0,1,0,1,1,1,0,0,0,0,0,1,0,1,0,1,1,1,1,0,1,0,0,0,0,1,1,1,1,1,1,1,0,?,1,1,0,0,0,1,1,1,1,1,1,0,1,1,?,1,1,1,1,1,1,1,0,1,0,1,?,0,1,1,1,0,0,0,1,?,?,1,1,1,1,1,0,0,0,1,0,1
T1_20+T1_21,native,1,1,1,1,1,0,?,1,0,1,1,0,1,0,0,1,1,0,0,1,1,1,1,?,1,?,1,0,1,1,1,0,1,0,?,1,1,0,1,1,0,0,1,1,0,1,1,0,1,0,1,?,0,0,1,?,?,1,0,?,0,1,0,?,?,0,1,1,?,0,1,1,0,1,1,0,0,0,0,1,0,1,1,0,1,0,?,0,0,0,0,1,?,0,1,0,0,1,1,1,0,1,1,1,1,0,0,1,0,1,0,0,1,0,1,1,1,1,1,1,1,1,1,1,?,1,0,1,0,1,0,1,1,1,0,0,0,0,0,1,1,1,0,0,1,?,1,0,1,0,0,0,0,1,1,1,1,1,1,1,0,0,1,1,0,0,0,1,1,1,1,1,1,0,1,1,0,1,1,1,1,1,1,1,?,1,?,1,1,?,1,1,1,0,0,0,1,0,0,1,1,1,1,1,0,0,?,1,0,1
T1_22+T1_23,native,1,1,1,1,1,0,?,1,0,1,1,0,1,1,0,1,1,0,0,1,1,1,1,?,1,0,1,0,1,1,1,0,1,0,1,1,1,0,1,1,0,0,1,1,0,1,1,0,1,?,1,0,0,0,1,0,?,1,0,1,0,1,0,0,0,0,1,1,?,0,1,1,0,1,1,0,0,0,0,1,0,1,1,0,?,0,?,0,0,0,0,1,0,0,1,0,0,1,1,1,1,1,1,1,1,0,0,1,?,1,0,0,1,0,1,1,1,1,1,1,1,1,1,1,0,1,0,1,0,1,0,1,1,1,?,0,0,0,0,1,0,1,0,?,1,1,1,0,1,0,0,0,0,1,1,1,1,1,1,1,0,?,1,1,0,0,0,1,1,1,1,1,1,0,1,1,?,1,1,1,1,1,1,1,0,1,0,1,1,0,1,1,1,0,0,0,1,1,?,1,1,1,1,1,0,1,0,1,0,1
T1_24+T1_25,native,1,1,1,1,1,0,0,1,0,1,1,0,1,?,0,1,1,0,0,1,1,1,1,0,1,0,1,0,1,1,1,0,1,0,0,1,1,0,1,1,0,0,1,1,0,1,1,0,1,0,1,0,0,0,1,0,?,1,?,?,0,1,0,0,0,0,1,1,?,0,?,1,0,1,?,0,0,0,0,1,0,1,1,0,?,0,?,0,0,0,0,1,0,0,0,0,0,1,1,1,?,1,1,1,1,0,?,1,0,1,0,0,1,0,1,1,1,1,1,1,1,1,1,1,0,1,0,1,0,1,0,1,1,1,0,0,0,0,0,1,?,1,0,?,1,?,1,0,1,0,0,0,0,1,1,1,1,1,1,1,?,0,1,1,0,0,0,1,1,1,1,1,1,0,1,1,?,1,1,1,1,1,1,1,?,1,0,1,1,0,1,1,1,0,0,0,1,1,1,1,1,1,1,1,0,?,?,1,0,1
T1_26+T1_27,native,1,1,1,1,1,0,?,1,0,1,1,0,1,?,0,1,1,0,0,1,1,1,1,0,1,?,1,0,1,1,1,0,1,0,?,1,1,0,1,1,0,0,1,1,0,1,1,?,1,0,1,?,0,0,1,0,0,1,?,?,0,1,0,0,0,0,1,1,?,0,?,1,0,1,?,0,0,0,0,1,0,1,1,0,?,0,0,0,0,0,0,?,0,0,1,0,0,1,1,1,?,1,1,1,1,0,0,1,?,1,0,0,1,0,1,1,1,1,1,1,1,1,1,1,0,1,0,1,0,1,0,1,1,1,0,0,0,0,0,1,?,1,0,?,1,1,1,0,1,0,0,0,0,1,1,1,1,1,1,1,0,?,1,1,0,0,0,1,1,1,1,?,1,0,1,1,1,1,1,1,1,1,1,?,?,1,0,1,1,?,1,1,1,0,?,0,1,?,?,1,1,1,1,1,0,?,?,1,0,1
T1_28+T1_29,native,1,1,1,1,1,0,?,1,0,1,1,0,1,?,0,1,1,0,0,1,1,1,1,0,1,0,1,0,1,1,1,0,1,0,?,1,1,0,1,1,0,0,1,1,0,1,1,0,1,0,1,0,0,0,1,?,?,1,0,?,0,1,0,0,0,0,1,1,?,0,1,1,0,1,1,0,0,0,0,1,0,1,1,0,?,0,0,0,0,0,0,1,0,0,1,0,0,1,1,1,?,1,1,1,1,0,0,1,?,1,0,0,1,0,1,1,1,1,1,1,1,1,1,1,0,1,0,1,0,1,0,?,1,1,0,0,0,0,0,1,?,1,0,0,1,?,1,0,1,0,0,0,?,1,1,1,1,?,1,1,0,?,1,1,0,0,0,1,1,1,1,1,1,0,1,1,?,1,1,1,1,1,1,1,0,1,0,1,?,0,1,1,1,0,?,0,1,?,0,1,1,1,1,1,0,?,?,1,0,1
T1_30+T3_01,native,1,1,1,1,1,0,?,1,0,1,1,0,1,1,0,1,1,0,0,1,1,1,1,0,1,0,1,0,1,1,1,?,1,0,1,1,1,0,1,1,0,0,1,1,0,1,1,0,1,?,1,0,0,0,1,0,?,1,0,1,0,1,0,?,?,0,1,1,?,0,1,1,0,1,1,?,0,0,0,1,?,1,1,0,0,0,0,0,0,0,0,1,0,0,0,0,0,1,1,1,1,1,1,1,1,0,?,1,0,1,0,0,1,0,1,1,1,1,1,1,1,1,1,1,0,1,0,1,0,1,0,1,1,1,0,0,0,0,0,1,0,1,0,1,1,0,1,0,1,0,0,0,0,1,1,1,1,1,1,1,0,0,1,1,0,0,0,1,1,1,1,1,1,0,1,1,1,1,1,1,1,1,1,1,0,1,0,1,1,0,1,1,1,0,0,0,1,0,0,1,1,1,1,1,0,?,1,1,0,1
T3_02+T3_03,native,1,1,1,1,1,0,0,1,0,1,1,0,1,1,0,1,1,0,0,1,1,1,1,0,1,0,1,0,1,1,1,0,1,0,1,1,1,0,1,1,0,0,1,1,0,1,1,0,1,0,1,0,0,0,1,0,0,1,0,1,0,1,0,?,?,0,1,1,1,0,1,1,0,1,1,0,0,0,0,1,0,1,1,0,0,0,?,0,0,0,0,1,0,0,?,0,0,1,1,1,1,1,1,1,1,0,?,1,0,1,?,0,1,0,1,1,1,1,1,1,1,1,1,1,0,1,0,1,0,1,?,1,1,1,0,0,0,0,0,1,0,1,0,0,1,0,1,0,1,0,0,0,0,1,1,1,1,1,1,1,0,?,1,1,0,0,0,1,1,1,1,1,1,0,1,1,?,1,1,1,1,1,1,1,?,1,0,1,0,?,1,1,1,0,0,0,1,?,?,1,1,1,1,1,0,0,1,1,0,1
T3_04+T3_05,native,1,1,1,1,1,0,1,1,0,1,1,0,1,?,0,1,1,0,0,1,1,1,1,0,1,?,1,0,1,1,1,1,1,1,?,1,1,0,1,1,0,0,1,1,0,1,1,0,1,?,1,0,0,0,1,0,?,1,0,?,0,1,0,0,0,0,1,1,0,0,1,1,0,1,1,0,0,0,0,1,0,1,1,0,0,0,1,0,0,0,0,?,0,0,?,0,0,1,1,1,1,1,1,1,1,0,0,1,0,1,0,0,1,0,1,1,1,1,1,1,1,1,1,1,0,1,0,1,0,1,0,1,1,1,0,0,0,0,0,1,?,1,0,?,1,0,1,0,1,0,0,0,0,1,1,1,1,1,1,1,0,0,1,1,0,0,0,1,1,1,1,1,1,0,1,1,1,1,1,1,1,1,1,1,0,1,0,1,0,1,1,1,1,0,0,0,1,1,0,1,1,1,1,1,0,?,1,1,?,1
T3_07+T3_08,native,1,1,1,1,1,0,1,1,0,1,1,0,1,?,0,1,1,0,0,1,1,1,1,0,1,0,1,0,1,1,1,?,1,0,1,1,1,0,1,1,0,0,1,1,0,1,1,0,1,0,1,0,0,0,1,0,?,1,0,?,0,1,0,0,0,0,1,1,?,0,1,1,0,1,1,?,0,0,0,1,0,1,1,0,0,0,?,0,0,0,0,1,0,0,?,0,0,1,1,1,?,1,1,1,1,?,0,1,0,1,?,0,1,0,1,1,1,1,1,1,1,1,1,1,0,1,0,1,0,1,0,1,1,1,0,0,0,0,0,1,0,1,0,?,1,0,1,0,1,0,0,0,?,1,1,1,1,1,1,1,0,?,1,1,0,0,0,1,1,1,1,1,1,?,1,1,?,1,1,1,1,1,1,1,0,1,0,1,?,1,1,1,1,0,0,0,1,?,1,1,1,1,1,1,0,1,1,1,?,1
T3_09+T3_10,native,1,1,1,1,1,0,1,1,0,1,1,0,1,?,0,1,1,0,0,1,1,1,1,0,1,0,1,0,1,1,1,1,1,?,?,1,1,0,1,1,0,0,1,1,0,1,1,0,1,0,1,1,0,0,1,0,?,1,0,0,0,1,0,0,0,0,1,1,0,0,1,1,0,1,0,0,0,0,0,1,0,1,1,0,0,0,?,0,0,0,0,1,0,0,0,0,0,1,1,1,1,1,1,1,1,0,?,1,?,1,?,0,1,0,1,1,1,1,1,1,1,1,1,1,0,1,0,1,0,1,0,?,1,1,0,0,0,0,0,1,0,1,0,?,1,0,1,0,1,0,0,0,0,1,1,1,1,1,1,1,0,0,1,1,0,0,0,1,1,1,1,1,1,0,1,1,?,1,1,1,1,1,1,1,0,1,0,1,0,?,1,1,1,0,0,0,1,?,?,1,1,1,1,1,0,?,?,1,0,1
T3_11+T3_12,native,1,1,1,1,1,0,?,1,0,1,1,0,1,0,0,1,1,0,0,1,1,1,1,0,1,?,1,0,1,1,1,?,1,?,1,1,1,0,1,1,0,0,1,1,0,1,1,0,1,?,1,?,0,0,1,0,0,1,0,0,0,1,0,0,0,0,1,1,?,0,1,1,?,1,?,0,0,0,0,1,0,1,1,0,0,0,1,0,0,0,0,1,0,0,1,0,0,1,1,1,1,1,1,1,1,0,?,1,0,1,0,0,1,0,1,1,1,1,1,1,1,1,1,1,0,1,0,1,0,1,0,1,1,1,0,0,0,0,0,1,?,1,0,?,1,0,1,0,1,0,?,0,1,1,1,1,1,1,1,1,0,?,1,1,0,0,0,1,1,1,1,1,1,0,1,1,1,1,1,1,1,1,1,?,0,1,0,1,?,?,1,1,1,0,0,0,1,?,0,1,1,1,1,1,0,0,?,1,0,1
T3_13+T3_14,native,1,1,1,1,1,0,1,1,0,1,1,0,1,?,0,1,1,0,0,1,1,1,1,0,1,0,1,0,1,1,1,1,1,1,1,1,1,0,1,1,0,0,1,1,0,1,1,0,1,0,1,0,0,0,1,0,?,1,0,0,0,1,0,0,0,0,1,1,0,0,1,1,0,1,1,0,0,0,0,1,0,1,1,0,0,0,1,0,0,0,0,?,0,0,1,0,0,1,1,1,1,1,1,1,1,0,0,1,0,1,0,0,1,0,1,1,1,1,1,1,1,1,1,1,0,1,0,1,0,1,0,1,1,1,0,0,0,0,0,1,0,1,0,1,1,0,1,0,1,0,?,0,?,1,1,1,1,1,1,1,0,0,1,1,0,0,0,1,1,1,1,1,1,0,1,1,1,1,1,1,1,1,1,?,0,1,0,1,0,1,1,1,1,0,0,0,1,1,?,1,1,1,1,1,0,0,1,1,0,1
T3_15+T3_16,native,1,1,1,1,1,0,?,1,0,1,1,0,1,0,0,1,1,0,0,1,1,1,1,0,1,?,1,0,1,1,1,?,1,?,1,1,1,0,1,1,0,0,1,1,0,1,1,0,1,0,1,0,0,0,1,0,?,1,0,?,0,1,0,0,0,0,1,1,0,0,1,1,0,1,1,0,0,0,0,1,0,1,1,0,0,0,?,0,0,0,0,?,0,0,1,0,0,1,1,1,1,1,1,1,1,0,?,1,0,1,0,0,1,0,1,1,1,1,1,1,1,1,1,1,0,1,0,1,0,1,0,1,1,1,0,0,0,0,0,1,0,1,0,0,1,0,1,0,1,0,0,0,0,1,1,1,1,1,1,1,0,0,1,1,0,0,0,1,1,1,1,1,1,0,1,1,?,1,1,1,1,1,1,?,0,1,0,1,?,?,1,1,1,0,0,0,1,?,?,1,1,1,1,1,0,?,?,1,?,1
T3_17+T3_18,native,1,1,1,1,1,0,0,1,0,1,1,0,1,0,0,1,1,0,0,1,1,1,1,0,1,0,1,0,1,1,1,0,1,0,0,1,1,0,1,1,0,0,1,1,0,1,1,?,1,0,1,0,0,0,1,?,0,1,0,1,0,1,0,0,0,0,1,1,1,0,1,1,0,1,1,0,0,0,0,1,0,1,1,0,0,0,0,0,0,0,0,1,0,0,1,0,0,1,1,1,?,1,1,1,1,0,?,1,0,1,?,0,1,0,1,1,1,1,1,1,1,1,1,1,?,1,0,1,0,1,0,1,1,1,0,0,0,0,0,1,0,1,0,0,1,?,1,0,1,0,0,0,0,1,1,1,1,1,1,1,0,1,1,1,0,0,0,1,1,1,1,1,1,0,1,1,1,1,1,1,1,1,1,1,0,1,0,1,?,0,1,1,1,0,0,0,1,0,1,1,1,1,1,1,0,1,1,1,0,1
T3_19+T3_20,native,1,1,1,1,1,0,?,1,0,1,1,0,1,0,0,1,1,0,0,1,1,1,1,0,1,0,1,0,1,1,1,0,1,0,1,1,1,0,1,1,0,0,1,1,0,1,1,0,1,0,1,0,0,0,1,0,0,1,0,?,0,1,0,0,0,0,1,1,0,0,1,1,0,1,1,?,0,0,0,1,0,1,1,0,0,0,?,0,0,0,0,1,0,0,1,0,0,1,1,1,1,1,1,1,1,0,0,1,0,1,0,0,1,0,1,1,1,1,1,1,1,1,1,1,0,1,0,1,0,1,0,1,1,1,0,0,0,0,0,1,?,1,0,?,1,0,1,0,1,0,0,0,0,1,1,1,1,1,1,1,0,?,1,1,0,0,0,1,1,1,1,1,1,0,1,1,1,1,1,1,1,1,1,1,0,1,0,1,?,?,1,1,1,0,0,0,1,1,1,1,1,1,1,1,0,0,1,1,0,1
T3_21+T3_22,native,1,1,1,1,1,0,0,1,0,1,1,0,1,0,0,1,1,0,0,1,1,1,1,0,1,?,1,0,1,1,1,?,1,0,1,1,1,0,1,1,0,0,1,1,0,1,1,0,1,0,1,0,0,0,1,0,0,1,0,1,0,1,0,0,0,0,1,1,0,0,1,1,0,1,1,0,0,0,0,1,0,1,1,0,0,0,1,0,0,0,0,?,0,0,?,0,0,1,1,1,?,1,1,1,1,0,0,1,0,1,0,0,1,0,1,1,1,1,1,1,1,1,1,1,0,1,0,1,0,1,0,1,1,1,0,0,0,0,0,1,?,1,0,?,1,0,1,0,1,0,?,0,0,1,1,1,1,?,1,1,0,?,1,1,0,0,0,1,1,1,1,1,1,0,1,1,1,1,1,1,1,1,1,1,0,1,0,1,0,?,1,1,1,0,0,0,1,1,?,1,1,1,1,1,0,0,?,1,0,1
T3_23+T3_24,native,1,1,1,1,1,0,?,1,0,1,1,0,1,0,0,1,1,0,0,1,1,1,1,0,1,1,1,0,1,1,1,1,1,1,?,1,1,0,1,1,0,0,1,1,0,1,1,0,1,?,1,0,0,0,1,0,0,1,0,1,0,1,0,0,0,0,1,1,0,0,1,1,0,1,1,?,0,0,0,1,0,1,1,0,0,0,1,0,0,0,0,1,0,0,?,0,0,1,1,1,1,1,1,1,1,0,0,1,0,1,0,0,1,0,1,1,1,1,1,1,1,1,1,1,0,1,0,1,0,1,0,1,1,1,0,0,0,0,0,1,?,1,0,1,1,0,1,0,1,0,0,0,0,1,1,1,1,1,1,1,0,0,1,1,0,0,0,1,1,1,1,1,1,?,1,1,1,1,1,1,1,1,1,?,0,1,0,1,?,?,1,1,1,0,0,0,1,1,1,1,1,1,1,1,0,?,1,1,?,1
T3_25+T3_26,native,1,1,1,1,1,0,?,1,0,1,1,0,1,1,0,1,1,0,0,1,1,1,1,0,1,0,1,0,1,1,1,1,1,0,1,1,1,0,1,1,0,0,1,1,0,1,1,0,1,?,1,0,0,0,1,0,0,1,?,1,0,1,0,0,0,0,1,1,0,0,1,1,?,1,?,0,0,0,0,1,0,1,1,0,0,0,?,0,0,0,0,1,0,0,?,0,0,1,1,1,?,1,1,1,1,0,0,1,0,1,?,0,1,0,1,1,1,1,1,1,1,1,1,1,0,1,0,1,0,1,0,1,1,1,0,0,0,0,0,1,0,1,0,0,1,0,1,0,1,0,0,0,0,1,1,1,1,1,1,1,0,0,1,1,0,0,0,1,1,1,1,1,1,0,1,1,?,1,1,1,1,1,1,?,0,1,0,1,?,1,1,1,1,0,0,0,1,?,?,1,1,1,1,1,0,?,1,1,0,1
T3_27+T3_28,native,1,1,1,1,1,?,?,1,0,1,1,0,1,0,0,1,1,0,0,1,1,1,1,0,1,?,1,0,1,1,1,0,1,0,1,1,1,0,1,1,0,0,1,1,0,1,1,0,1,1,1,0,0,0,1,0,?,1,0,?,0,1,0,0,?,0,1,1,?,0,1,1,0,1,1,0,0,0,0,1,0,1,1,0,0,0,?,?,0,0,0,?,0,0,0,0,0,1,1,1,1,1,1,1,1,0,0,1,0,1,0,0,1,0,1,1,1,1,1,1,1,1,1,1,0,1,0,1,0,1,0,1,1,1,0,0,0,0,0,1,?,1,0,?,1,0,1,0,1,0,0,0,0,1,1,1,1,?,1,1,?,0,1,1,0,0,0,1,1,1,1,1,1,0,1,1,0,1,1,1,?,?,1,1,0,1,0,1,0,1,1,1,1,0,0,0,1,?,?,1,1,1,1,1,0,?,1,1,?,1
T3_29+T3_30,native,1,1,1,1,1,0,?,1,0,1,1,0,1,?,0,1,1,0,0,1,1,1,1,0,1,?,1,0,1,1,1,?,1,0,?,1,1,0,1,1,0,0,1,1,0,1,1,0,1,?,1,0,0,0,1,0,0,1,?,1,0,1,0,0,0,0,1,1,?,0,1,1,0,1,1,0,0,0,0,1,0,1,1,0,0,0,1,0,0,0,0,1,0,0,0,?,0,1,1,1,1,1,1,1,1,0,0,1,0,1,1,0,1,0,1,1,1,1,1,1,1,1,1,1,?,1,0,1,0,1,?,1,1,1,0,0,0,0,0,1,0,1,0,?,1,?,1,0,1,0,0,0,0,1,1,1,1,1,1,1,?,?,1,1,0,0,0,1,1,1,1,1,1,0,1,1,?,1,1,1,1,1,1,1,?,1,0,1,?,?,1,1,1,0,0,0,1,?,1,1,1,1,1,1,0,0,1,1,0,1
T3_31+T3_32,native,1,1,1,1,1,?,0,1,0,1,1,0,1,1,0,1,1,0,0,1,1,1,1,0,1,1,1,0,1,1,1,?,1,?,?,1,1,0,1,1,0,0,1,1,0,1,1,0,1,?,1,0,0,0,1,0,?,1,?,1,0,1,0,1,?,0,1,1,?,0,1,1,0,1,1,0,0,0,0,1,?,1,1,0,?,0,0,0,0,0,0,1,?,0,1,0,0,1,1,1,1,1,1,1,1,0,?,1,0,1,0,0,1,0,1,1,1,1,1,1,1,1,1,1,0,1,0,1,0,1,0,1,1,1,0,0,0,0,0,1,1,1,0,0,1,0,1,0,1,0,0,0,?,1,1,1,1,1,1,1,0,1,1,1,0,0,0,1,1,1,1,1,1,0,1,1,?,1,1,1,1,1,1,1,?,1,0,1,1,?,1,1,1,0,0,0,1,1,?,1,1,1,1,1,0,?,1,1,0,1
T3_33+T4_01,native,1,1,1,1,1,0,?,1,0,1,1,0,1,0,0,1,1,0,0,1,1,1,1,0,1,0,1,0,1,1,1,0,1,?,?,1,1,0,1,1,0,0,1,1,0,1,1,0,1,0,1,0,0,0,1,0,?,1,0,1,0,1,0,?,?,0,1,1,?,0,?,1,0,1,1,0,0,0,0,1,0,1,1,0,?,0,?,0,0,0,0,1,0,0,?,0,0,1,1,1,1,1,1,1,1,0,0,1,0,1,0,0,1,0,1,1,1,1,1,1,1,1,1,1,0,1,0,1,0,1,0,1,1,1,?,0,0,0,0,1,0,1,0,0,1,0,1,0,1,0,0,0,0,1,1,1,1,1,1,1,0,?,1,1,0,0,0,1,1,1,1,?,1,0,1,1,?,1,1,1,1,1,1,?,?,1,0,1,1,1,1,1,1,0,0,0,1,?,?,1,1,1,1,1,0,?,1,1,0,1
T4_02+T4_04,native,1,1,1,1,1,0,1,1,0,1,1,0,1,1,0,1,1,0,0,1,1,1,1,1,1,0,1,0,1,1,1,0,1,0,0,1,1,0,1,1,0,0,1,1,0,1,1,0,1,1,1,0,0,0,1,0,1,1,1,1,0,1,0,0,0,0,1,1,?,0,?,1,0,1,1,0,0,0,0,1,0,1,1,0,0,0,1,0,0,0,0,1,0,0,?,0,0,1,1,1,1,1,1,1,1,0,0,1,0,1,0,0,1,0,1,1,1,1,1,1,1,1,1,1,0,1,0,1,0,1,0,1,1,1,?,0,0,0,0,1,0,1,0,?,1,0,1,0,1,0,0,0,0,1,1,1,1,1,1,1,0,0,1,1,0,0,0,1,0,1,1,1,1,0,1,1,0,1,1,1,1,1,1,?,1,1,0,1,1,1,1,1,1,0,0,0,1,1,0,1,1,1,1,1,0,1,0,1,0,1
T4_05+T4_06,native,1,1,1,1,1,0,1,1,0,1,1,0,1,0,0,1,1,0,0,1,1,1,1,0,1,0,1,0,1,1,1,0,1,0,?,1,1,0,1,1,0,0,1,1,0,1,1,0,1,0,1,?,0,0,1,0,1,1,?,1,0,1,0,0,0,0,1,1,?,0,?,1,0,1,1,0,0,0,0,1,0,1,1,0,1,0,0,0,0,0,0,1,0,0,?,0,0,1,1,1,?,1,1,1,1,0,0,1,0,1,0,0,1,0,1,1,1,1,1,1,1,1,1,1,0,1,0,1,0,1,0,1,1,1,?,0,0,0,0,1,0,1,0,?,1,?,1,0,1,0,0,0,0,1,1,1,1,1,1,1,0,0,1,1,0,0,0,1,?,1,1,1,1,0,1,1,0,1,1,1,1,1,1,?,1,1,0,1,?,1,1,1,1,0,0,0,1,1,0,1,1,1,1,1,0,?,0,1,0,1
T4_07+T4_08,native,1,1,1,1,1,0,1,1,0,1,1,0,1,0,0,1,1,0,0,1,1,1,1,0,?,1,1,0,1,1,1,0,1,?,0,1,1,0,1,1,0,0,1,1,0,1,1,0,1,1,1,0,0,0,1,0,1,1,?,1,0,1,0,0,0,0,1,1,0,0,?,1,0,1,1,0,0,0,0,1,0,1,1,0,0,0,?,0,0,0,0,1,0,0,1,0,0,1,1,1,0,1,1,1,1,0,0,1,0,1,0,0,1,0,1,1,1,1,1,1,1,1,1,1,0,1,0,1,0,1,0,1,1,1,0,0,0,0,0,1,0,1,0,1,1,0,1,0,1,0,0,0,?,1,1,1,1,1,1,1,0,?,1,1,0,0,0,1,?,1,1,1,1,0,1,1,0,1,1,1,1,1,1,?,?,1,0,1,1,1,1,1,1,0,0,0,1,?,0,1,1,1,1,1,0,0,?,1,0,1
T4_10+T4_11,native,1,1,1,1,1,0,?,1,0,1,1,0,1,1,0,1,1,0,0,1,1,1,1,?,1,?,1,0,1,1,1,0,1,0,0,1,1,0,1,1,0,0,1,1,0,1,1,0,1,?,1,?,0,0,1,0,?,1,?,1,0,1,0,0,0,0,1,1,0,0,1,1,0,1,1,0,0,0,0,1,0,1,1,0,0,0,?,0,0,0,0,?,0,0,1,0,0,1,1,1,?,1,1,1,1,0,0,1,0,1,0,0,1,0,1,1,1,1,1,1,1,1,1,1,0,1,0,1,0,1,0,1,1,1,1,0,0,0,0,1,0,1,0,?,1,?,1,0,1,0,0,0,1,1,1,1,1,1,1,1,0,0,1,1,0,0,0,1,?,1,1,1,1,0,1,1,?,1,1,1,1,1,1,?,?,1,0,1,?,?,1,1,1,0,0,0,1,1,0,1,1,1,1,1,0,0,0,1,0,1
T4_12+T4_13,native,1,1,1,1,1,0,1,1,0,1,1,0,1,?,0,1,1,0,0,1,1,1,1,?,?,0,1,0,1,1,1,0,1,?,0,1,1,0,1,1,0,0,1,1,0,1,1,0,1,1,1,1,0,0,1,0,1,1,0,1,0,1,0,0,0,0,1,1,0,0,?,1,0,1,1,0,0,0,0,1,0,1,1,0,?,0,1,0,0,0,0,1,0,0,1,0,0,1,1,1,?,1,1,1,1,0,0,1,0,1,0,0,1,0,1,1,1,1,1,1,1,1,1,1,0,1,0,1,0,1,0,1,1,1,?,0,0,0,0,1,0,1,0,?,1,0,1,0,1,0,0,0,?,1,1,1,1,1,1,1,0,0,1,1,0,0,0,1,1,1,1,?,1,0,1,1,1,1,1,1,1,1,1,0,1,1,0,1,1,1,1,1,1,0,0,0,1,?,0,1,1,1,1,1,0,?,0,1,0,1
T4_14+T4_15,native,1,1,1,1,1,0,1,1,0,1,1,0,1,0,0,1,1,0,0,1,1,1,1,0,1,?,1,0,1,1,1,0,1,0,0,1,1,0,1,1,0,0,1,1,0,1,1,0,1,1,1,?,0,0,1,?,?,1,?,1,0,1,0,0,0,0,1,1,?,0,?,1,0,1,1,0,0,0,0,1,0,1,1,0,?,0,1,0,0,0,0,1,0,0,1,0,0,1,1,1,0,1,1,1,1,0,0,1,0,1,0,0,1,0,1,1,1,1,1,1,1,1,1,1,0,1,0,1,0,1,?,1,1,1,?,0,0,0,0,1,0,1,0,1,1,?,1,0,1,0,0,0,0,1,1,1,1,1,1,1,0,1,1,1,0,0,0,1,1,1,1,1,1,0,1,1,?,1,1,1,1,1,1,1,?,1,0,1,1,1,1,1,1,0,0,0,1,?,0,1,1,1,1,1,0,0,?,1,0,1
T4_16+T4_17,native,1,1,1,1,1,0,1,1,0,1,1,0,1,?,0,1,1,0,0,1,1,1,1,0,1,?,1,0,1,1,1,0,1,0,0,1,1,0,1,1,0,0,1,1,0,1,1,0,1,?,1,0,0,0,1,0,1,1,?,?,0,1,0,0,0,0,1,1,0,0,?,1,0,1,1,0,0,0,0,1,0,1,1,0,0,0,0,0,0,0,0,1,0,0,?,0,0,1,1,1,1,1,1,1,1,0,0,1,0,1,0,0,1,0,1,1,1,1,1,1,1,1,1,1,0,1,0,1,0,1,0,1,1,1,1,0,0,0,0,1,0,1,0,0,1,?,1,0,1,0,0,0,0,1,1,1,1,1,1,1,0,?,1,1,0,0,0,1,1,1,1,1,1,0,1,1,0,1,1,1,1,1,1,?,?,1,0,1,1,?,1,1,1,0,0,0,1,1,0,1,1,1,1,1,0,0,0,1,0,1
T4_18+T4_19,native,1,1,1,1,1,0,1,1,0,1,1,0,1,?,0,1,1,0,0,1,1,1,1,?,1,0,1,0,1,1,1,0,1,0,0,1,1,0,1,1,0,0,1,1,0,1,1,0,1,1,1,0,0,0,1,0,1,1,?,1,0,1,0,0,0,0,1,1,?,0,1,1,0,1,1,0,0,0,0,1,0,1,1,0,0,0,?,0,0,0,0,1,0,0,?,0,0,1,1,1,1,1,1,1,1,0,0,1,0,1,0,0,1,0,1,1,1,1,1,1,1,1,1,1,0,1,0,1,0,1,0,1,1,1,?,0,0,0,0,1,0,1,0,?,1,0,1,0,1,0,0,0,0,1,1,1,1,1,1,1,0,?,1,1,0,0,0,1,?,1,1,1,1,0,1,1,0,1,1,1,1,1,1,1,?,1,0,1,1,1,1,1,1,0,0,0,1,1,0,1,1,1,1,1,0,0,0,1,0,1
T4_20+T4_21,native,1,1,1,1,1,0,1,1,0,1,1,0,1,?,0,1,1,0,0,1,1,1,1,?,1,?,1,0,1,1,1,0,1,0,0,1,1,0,1,1,0,0,1,1,0,1,1,0,1,1,1,0,0,0,1,0,1,1,0,1,0,1,0,0,0,0,1,1,0,0,1,1,0,1,1,0,0,0,0,1,0,1,1,0,0,0,1,0,0,0,0,1,0,0,?,0,0,1,1,1,?,1,1,1,1,0,0,1,0,1,0,0,1,0,1,1,1,1,1,1,1,1,1,1,0,1,0,1,0,1,0,1,1,1,1,0,0,0,0,1,0,1,0,?,1,0,1,0,1,0,0,0,0,1,1,1,1,1,1,1,0,?,1,1,0,0,0,1,?,1,1,?,1,0,1,1,1,1,1,1,1,?,1,?,?,1,0,1,1,1,1,1,1,0,0,0,1,?,0,1,1,1,1,1,0,0,?,1,0,1
T4_22+T4_23,native,1,1,1,1,1,0,1,1,0,1,1,0,1,?,0,1,1,0,0,1,1,1,1,0,1,1,1,0,1,1,1,0,1,0,?,1,1,0,1,1,0,0,1,1,0,1,1,0,1,?,1,0,0,0,1,?,?,1,0,1,0,1,0,0,0,0,1,1,?,0,?,1,0,1,1,0,0,0,0,1,0,1,1,0,?,0,0,0,0,0,0,1,0,0,1,0,0,1,1,1,?,1,1,1,1,0,0,1,0,1,0,0,1,0,1,1,1,1,1,1,1,1,1,1,0,1,0,1,0,1,0,1,1,1,?,0,0,0,0,1,0,1,0,?,1,0,1,0,1,0,0,0,0,1,1,1,1,1,1,1,0,0,1,1,0,0,0,1,?,1,1,?,1,0,1,1,0,1,1,1,1,1,1,?,?,1,0,1,1,?,1,1,1,0,0,0,1,?,0,1,1,1,1,1,0,?,0,1,0,1
T4_24+T4_25,native,1,1,1,1,1,0,?,1,0,1,1,0,1,?,0,1,1,0,0,1,1,1,1,?,1,0,1,0,1,1,1,0,1,?,0,1,1,0,1,1,0,0,1,1,0,1,1,0,1,0,1,0,0,0,1,0,?,1,?,1,0,1,0,0,0,0,1,1,0,0,?,1,?,1,1,0,0,0,0,1,?,1,1,0,0,0,1,0,0,0,0,?,?,0,?,0,0,1,1,1,1,1,1,1,1,0,0,1,0,1,0,0,1,0,1,1,1,1,1,1,1,1,1,1,0,1,0,1,0,1,0,?,1,1,1,0,0,0,0,1,?,1,0,?,1,?,1,0,1,0,0,0,0,1,1,1,1,1,1,1,0,?,1,1,0,0,0,1,1,1,1,1,1,0,1,1,?,1,1,1,1,1,1,1,?,1,0,1,?,?,1,1,1,0,?,0,1,?,0,1,1,1,1,1,0,0,?,1,0,1
T4_26+T4_27,native,1,1,1,1,1,0,?,1,0,1,1,0,1,1,0,1,1,0,0,1,1,1,1,1,1,0,1,0,1,1,1,0,1,1,0,1,1,0,1,1,0,0,1,1,0,1,1,0,1,?,1,0,0,0,1,0,1,1,?,1,0,1,0,0,0,0,1,1,1,0,1,1,?,1,1,0,0,0,0,1,0,1,1,0,0,0,0,?,0,0,0,1,0,0,?,?,0,1,1,1,1,1,1,1,1,0,0,1,0,1,0,0,1,0,1,1,1,1,1,1,1,1,1,1,0,1,0,1,0,1,0,1,1,1,1,0,0,0,0,1,0,1,0,0,1,0,1,0,1,0,0,0,0,1,1,1,1,?,1,1,0,?,1,1,0,0,0,1,1,1,1,1,1,0,1,1,?,1,1,1,1,1,1,1,?,1,0,1,1,?,1,1,1,0,0,0,1,?,0,1,1,1,1,1,0,0,0,1,0,1
T4_28+T4_29,native,1,1,1,1,1,0,1,1,0,1,1,0,1,?,0,1,1,0,0,1,1,1,1,?,?,0,1,0,1,1,1,0,1,1,0,1,1,0,1,1,0,0,1,1,0,1,1,0,1,1,1,0,0,0,1,0,?,1,0,1,0,1,0,0,0,0,1,1,0,0,0,1,?,1,1,0,0,0,0,1,?,1,1,0,0,0,1,0,0,0,0,1,0,0,?,0,0,1,1,1,1,1,1,1,1,0,0,1,0,1,0,0,1,0,1,1,1,1,1,1,1,?,1,1,0,1,0,1,0,1,0,1,1,1,?,0,0,0,0,1,0,1,0,?,1,0,1,0,1,0,0,0,0,1,1,1,1,1,1,1,0,0,1,1,0,0,0,1,1,1,1,?,1,0,1,1,0,1,1,1,1,1,1,?,?,1,0,1,1,1,1,1,1,0,0,0,1,?,0,1,1,1,1,1,0,0,1,1,0,1
T4_30+T4_31,native,1,1,1,1,1,0,1,1,0,1,1,0,1,1,0,1,1,0,0,1,1,1,1,1,?,?,1,0,1,1,1,0,1,0,0,1,1,0,1,1,0,0,1,1,0,1,1,0,1,?,1,0,0,0,1,?,1,1,?,1,0,1,0,0,0,0,1,1,0,?,?,1,0,1,1,0,0,0,0,1,0,1,1,0,?,0,?,0,0,0,0,1,0,0,?,0,0,1,1,1,?,1,1,1,1,?,0,1,0,1,0,0,1,0,1,1,1,1,1,1,1,1,1,1,0,1,0,1,0,1,0,1,1,1,0,0,0,0,0,1,1,1,0,1,1,0,1,0,1,0,0,0,?,1,1,1,1,1,1,1,0,?,1,1,0,0,0,1,?,1,1,1,1,0,1,1,?,1,1,1,1,1,1,1,1,1,0,1,1,1,1,1,1,0,0,0,1,?,0,1,1,1,1,1,0,1,0,1,0,1
